{"cameraMode":{"drawMode":0,"name":"Shaded","section":"Shading Mode"},"sceneLighting":true,"audioPlay":false,"sceneViewState":{"showFog":true,"showMaterialUpdate":false,"showSkybox":true,"showFlares":true,"showImageEffects":true,"showParticleSystems":true},"in2DMode":false,"pivot":{"x":4.282107830047607,"y":0.6744673252105713,"z":0.5508285164833069},"rotation":{"x":-0.09864536672830582,"y":0.6672322154045105,"z":-0.08981907367706299,"w":-0.7328047752380371},"size":5.313026428222656,"orthographic":false}