{"cameraMode":{"drawMode":0,"name":"Shaded","section":"Shading Mode"},"sceneLighting":false,"audioPlay":false,"sceneViewState":{"showFog":true,"showMaterialUpdate":false,"showSkybox":true,"showFlares":true,"showImageEffects":true,"showParticleSystems":true},"in2DMode":false,"pivot":{"x":1.3882884979248047,"y":12.947071075439454,"z":6.622181415557861},"rotation":{"x":-0.14271540939807893,"y":0.37395137548446658,"z":-0.05836647003889084,"w":-0.9145414233207703},"size":5.678300380706787,"orthographic":false}