{"cameraMode":{"drawMode":0,"name":"Shaded","section":"Shading Mode"},"sceneLighting":false,"audioPlay":false,"sceneViewState":{"showFog":true,"showMaterialUpdate":false,"showSkybox":true,"showFlares":true,"showImageEffects":true,"showParticleSystems":true},"in2DMode":false,"pivot":{"x":1.3882884979248047,"y":12.947071075439454,"z":6.622181415557861},"rotation":{"x":0.054489798843860629,"y":0.6549884676933289,"z":-0.047435302287340167,"w":0.7521774768829346},"size":3.6162543296813967,"orthographic":false}