{"cameraMode":{"drawMode":0,"name":"Shaded","section":"Shading Mode"},"sceneLighting":true,"audioPlay":false,"sceneViewState":{"showFog":true,"showMaterialUpdate":false,"showSkybox":true,"showFlares":true,"showImageEffects":true,"showParticleSystems":true},"in2DMode":false,"pivot":{"x":3.846261501312256,"y":45.292640686035159,"z":55.17178726196289},"rotation":{"x":0.09464731812477112,"y":0.02002977766096592,"z":-0.0019015000434592367,"w":0.9953075647354126},"size":96.0108413696289,"orthographic":false}