{"cameraMode":{"drawMode":0,"name":"Shaded","section":"Shading Mode"},"sceneLighting":true,"audioPlay":false,"sceneViewState":{"showFog":true,"showMaterialUpdate":false,"showSkybox":true,"showFlares":true,"showImageEffects":true,"showParticleSystems":true},"in2DMode":false,"pivot":{"x":5.9367475509643559,"y":26.154756546020509,"z":39.886329650878909},"rotation":{"x":-0.010191325098276139,"y":0.0036213493440300228,"z":0.0000455842018709518,"w":0.9999415874481201},"size":62.46562957763672,"orthographic":false}