{"cameraMode":{"drawMode":0,"name":"Shaded","section":"Shading Mode"},"sceneLighting":true,"audioPlay":false,"sceneViewState":{"showFog":true,"showMaterialUpdate":false,"showSkybox":true,"showFlares":true,"showImageEffects":true,"showParticleSystems":true},"in2DMode":false,"pivot":{"x":4.436718940734863,"y":28.2619686126709,"z":15.733390808105469},"rotation":{"x":0.0722433403134346,"y":0.003614637302234769,"z":-0.00024612582637928426,"w":0.9973804950714111},"size":51.49827575683594,"orthographic":false}