{"cameraMode":{"drawMode":0,"name":"Shaded","section":"Shading Mode"},"sceneLighting":false,"audioPlay":false,"sceneViewState":{"showFog":true,"showMaterialUpdate":false,"showSkybox":true,"showFlares":true,"showImageEffects":true,"showParticleSystems":true},"in2DMode":false,"pivot":{"x":-18.311981201171876,"y":6.043330669403076,"z":17.54598617553711},"rotation":{"x":0.05065702274441719,"y":0.15609058737754823,"z":-0.008005859330296517,"w":0.9864104986190796},"size":8.19702434539795,"orthographic":false}